<?xml version="1.0" encoding="UTF-8" ?>
<!DOCTYPE mapper PUBLIC "-//mybatis.org//DTD Mapper 3.0//EN" "http://mybatis.org/dtd/mybatis-3-mapper.dtd" >
<mapper namespace="com.xhc.mapper.CardMapper" >
  <resultMap id="BaseResultMap" type="com.xhc.model.Card" >
    <id column="id" property="id" jdbcType="INTEGER" />
    <result column="back_msg" property="backMsg" jdbcType="VARCHAR" />
    <result column="card_content" property="cardContent" jdbcType="VARCHAR" />
    <result column="code" property="code" jdbcType="VARCHAR" />
    <result column="create_by" property="createBy" jdbcType="VARCHAR" />
    <result column="create_time" property="createTime" jdbcType="TIMESTAMP" />
    <result column="exchange_money" property="exchangeMoney" jdbcType="INTEGER" />
    <result column="import_record_id" property="importRecordId" jdbcType="INTEGER" />
    <result column="owner_id" property="ownerId" jdbcType="INTEGER" />
    <result column="receiver_id" property="receiverId" jdbcType="INTEGER" />
    <result column="remark" property="remark" jdbcType="VARCHAR" />
    <result column="start_time" property="startTime" jdbcType="TIMESTAMP" />
    <result column="status" property="status" jdbcType="INTEGER" />
    <result column="tenant_id" property="tenantId" jdbcType="INTEGER" />
    <result column="update_by" property="updateBy" jdbcType="VARCHAR" />
    <result column="update_time" property="updateTime" jdbcType="TIMESTAMP" />
    <result column="owner" property="owner" jdbcType="VARCHAR" />
    <result column="receiver" property="receiver" jdbcType="VARCHAR" />
  </resultMap>
  <sql id="Base_Column_List" >
    id, back_msg, card_content, code, create_by, create_time, exchange_money, import_record_id, 
    owner_id, receiver_id, remark, start_time, status, tenant_id, update_by, update_time, 
    owner, receiver
  </sql>
  <select id="selectByPrimaryKey" resultMap="BaseResultMap" parameterType="java.lang.Integer" >
    select 
    <include refid="Base_Column_List" />
    from zx_card
    where id = #{id,jdbcType=INTEGER}
  </select>

  <select id="findAllByImportId" resultMap="BaseResultMap" >
    select
    <include refid="Base_Column_List" />
    from zx_card
    where import_record_id = #{0}
  </select>

  <select id="findAll" resultMap="BaseResultMap" >
    select
    <include refid="Base_Column_List" />
    from zx_card
  </select>

  <select id="findCount" resultType="java.lang.Integer">
    select count(*) from zx_card
  </select>

  <select id="findAllLikeCode" resultMap="BaseResultMap" parameterType="String">
    select
    <include refid="Base_Column_List" />
    from zx_card
    <if test="code != null" >
      where declare_card_code LIKE '/'%' + #{code,jdbcType=VARCHAR}+ '%/''
    </if>
  </select>



  <delete id="deleteByPrimaryKey" parameterType="java.lang.Integer" >
    delete from zx_card
    where id = #{id,jdbcType=INTEGER}
  </delete>
  <insert id="insert" parameterType="com.xhc.model.Card" >
    insert into zx_card (id, back_msg, card_content, 
      code, create_by, create_time, 
      exchange_money, import_record_id, owner_id, 
      receiver_id, remark, start_time, 
      status, tenant_id, update_by, 
      update_time, owner, receiver
      )
    values (#{id,jdbcType=INTEGER}, #{backMsg,jdbcType=VARCHAR}, #{cardContent,jdbcType=VARCHAR}, 
      #{code,jdbcType=VARCHAR}, #{createBy,jdbcType=VARCHAR}, #{createTime,jdbcType=TIMESTAMP}, 
      #{exchangeMoney,jdbcType=INTEGER}, #{importRecordId,jdbcType=INTEGER}, #{ownerId,jdbcType=INTEGER}, 
      #{receiverId,jdbcType=INTEGER}, #{remark,jdbcType=VARCHAR}, #{startTime,jdbcType=TIMESTAMP}, 
      #{status,jdbcType=INTEGER}, #{tenantId,jdbcType=INTEGER}, #{updateBy,jdbcType=VARCHAR}, 
      #{updateTime,jdbcType=TIMESTAMP}, #{owner,jdbcType=VARCHAR}, #{receiver,jdbcType=VARCHAR}
      )
  </insert>

  <insert id="insertBatch" parameterType="List">
    insert into zx_card (
    code,owner,import_record_id
    )
    VALUES
    <foreach collection="list"
             item="item"
             index="index"
             separator=",">
      (#{item.code,jdbcType=VARCHAR},#{item.owner,jdbcType=VARCHAR},#{item.importRecordId,jdbcType=INTEGER})
    </foreach>
  </insert>

  <insert id="insertSelective" parameterType="com.xhc.model.Card" >
    insert into zx_card
    <trim prefix="(" suffix=")" suffixOverrides="," >
      <if test="id != null" >
        id,
      </if>
      <if test="backMsg != null" >
        back_msg,
      </if>
      <if test="cardContent != null" >
        card_content,
      </if>
      <if test="code != null" >
        code,
      </if>
      <if test="createBy != null" >
        create_by,
      </if>
      <if test="createTime != null" >
        create_time,
      </if>
      <if test="exchangeMoney != null" >
        exchange_money,
      </if>
      <if test="importRecordId != null" >
        import_record_id,
      </if>
      <if test="ownerId != null" >
        owner_id,
      </if>
      <if test="receiverId != null" >
        receiver_id,
      </if>
      <if test="remark != null" >
        remark,
      </if>
      <if test="startTime != null" >
        start_time,
      </if>
      <if test="status != null" >
        status,
      </if>
      <if test="tenantId != null" >
        tenant_id,
      </if>
      <if test="updateBy != null" >
        update_by,
      </if>
      <if test="updateTime != null" >
        update_time,
      </if>
      <if test="owner != null" >
        owner,
      </if>
      <if test="receiver != null" >
        receiver,
      </if>
    </trim>
    <trim prefix="values (" suffix=")" suffixOverrides="," >
      <if test="id != null" >
        #{id,jdbcType=INTEGER},
      </if>
      <if test="backMsg != null" >
        #{backMsg,jdbcType=VARCHAR},
      </if>
      <if test="cardContent != null" >
        #{cardContent,jdbcType=VARCHAR},
      </if>
      <if test="code != null" >
        #{code,jdbcType=VARCHAR},
      </if>
      <if test="createBy != null" >
        #{createBy,jdbcType=VARCHAR},
      </if>
      <if test="createTime != null" >
        #{createTime,jdbcType=TIMESTAMP},
      </if>
      <if test="exchangeMoney != null" >
        #{exchangeMoney,jdbcType=INTEGER},
      </if>
      <if test="importRecordId != null" >
        #{importRecordId,jdbcType=INTEGER},
      </if>
      <if test="ownerId != null" >
        #{ownerId,jdbcType=INTEGER},
      </if>
      <if test="receiverId != null" >
        #{receiverId,jdbcType=INTEGER},
      </if>
      <if test="remark != null" >
        #{remark,jdbcType=VARCHAR},
      </if>
      <if test="startTime != null" >
        #{startTime,jdbcType=TIMESTAMP},
      </if>
      <if test="status != null" >
        #{status,jdbcType=INTEGER},
      </if>
      <if test="tenantId != null" >
        #{tenantId,jdbcType=INTEGER},
      </if>
      <if test="updateBy != null" >
        #{updateBy,jdbcType=VARCHAR},
      </if>
      <if test="updateTime != null" >
        #{updateTime,jdbcType=TIMESTAMP},
      </if>
      <if test="owner != null" >
        #{owner,jdbcType=VARCHAR},
      </if>
      <if test="receiver != null" >
        #{receiver,jdbcType=VARCHAR},
      </if>
    </trim>
  </insert>
  <update id="updateByPrimaryKeySelective" parameterType="com.xhc.model.Card" >
    update zx_card
    <set >
      <if test="backMsg != null" >
        back_msg = #{backMsg,jdbcType=VARCHAR},
      </if>
      <if test="cardContent != null" >
        card_content = #{cardContent,jdbcType=VARCHAR},
      </if>
      <if test="code != null" >
        code = #{code,jdbcType=VARCHAR},
      </if>
      <if test="createBy != null" >
        create_by = #{createBy,jdbcType=VARCHAR},
      </if>
      <if test="createTime != null" >
        create_time = #{createTime,jdbcType=TIMESTAMP},
      </if>
      <if test="exchangeMoney != null" >
        exchange_money = #{exchangeMoney,jdbcType=INTEGER},
      </if>
      <if test="importRecordId != null" >
        import_record_id = #{importRecordId,jdbcType=INTEGER},
      </if>
      <if test="ownerId != null" >
        owner_id = #{ownerId,jdbcType=INTEGER},
      </if>
      <if test="receiverId != null" >
        receiver_id = #{receiverId,jdbcType=INTEGER},
      </if>
      <if test="remark != null" >
        remark = #{remark,jdbcType=VARCHAR},
      </if>
      <if test="startTime != null" >
        start_time = #{startTime,jdbcType=TIMESTAMP},
      </if>
      <if test="status != null" >
        status = #{status,jdbcType=INTEGER},
      </if>
      <if test="tenantId != null" >
        tenant_id = #{tenantId,jdbcType=INTEGER},
      </if>
      <if test="updateBy != null" >
        update_by = #{updateBy,jdbcType=VARCHAR},
      </if>
      <if test="updateTime != null" >
        update_time = #{updateTime,jdbcType=TIMESTAMP},
      </if>
      <if test="owner != null" >
        owner = #{owner,jdbcType=VARCHAR},
      </if>
      <if test="receiver != null" >
        receiver = #{receiver,jdbcType=VARCHAR},
      </if>
    </set>
    where id = #{id,jdbcType=INTEGER}
  </update>
  <update id="updateByPrimaryKey" parameterType="com.xhc.model.Card" >
    update zx_card
    set back_msg = #{backMsg,jdbcType=VARCHAR},
      card_content = #{cardContent,jdbcType=VARCHAR},
      code = #{code,jdbcType=VARCHAR},
      create_by = #{createBy,jdbcType=VARCHAR},
      create_time = #{createTime,jdbcType=TIMESTAMP},
      exchange_money = #{exchangeMoney,jdbcType=INTEGER},
      import_record_id = #{importRecordId,jdbcType=INTEGER},
      owner_id = #{ownerId,jdbcType=INTEGER},
      receiver_id = #{receiverId,jdbcType=INTEGER},
      remark = #{remark,jdbcType=VARCHAR},
      start_time = #{startTime,jdbcType=TIMESTAMP},
      status = #{status,jdbcType=INTEGER},
      tenant_id = #{tenantId,jdbcType=INTEGER},
      update_by = #{updateBy,jdbcType=VARCHAR},
      update_time = #{updateTime,jdbcType=TIMESTAMP},
      owner = #{owner,jdbcType=VARCHAR},
      receiver = #{receiver,jdbcType=VARCHAR}
    where id = #{id,jdbcType=INTEGER}
  </update>
</mapper>