<?xml version="1.0" encoding="UTF-8" ?>
<!DOCTYPE mapper PUBLIC "-//mybatis.org//DTD Mapper 3.0//EN" "http://mybatis.org/dtd/mybatis-3-mapper.dtd" >
<mapper namespace="com.xhc.mapper.DeclareRecordMapper" >
  <resultMap id="BaseResultMap" type="com.xhc.model.DeclareRecord" >
    <id column="id" property="id" jdbcType="INTEGER" />
    <result column="create_by" property="createBy" jdbcType="VARCHAR" />
    <result column="create_time" property="createTime" jdbcType="TIMESTAMP" />
    <result column="declare_card_code" property="declareCardCode" jdbcType="VARCHAR" />
    <result column="declare_time" property="declareTime" jdbcType="TIMESTAMP" />
    <result column="declarer_id" property="declarerId" jdbcType="INTEGER" />
    <result column="remark" property="remark" jdbcType="VARCHAR" />
    <result column="status" property="status" jdbcType="INTEGER" />
    <result column="tenant_id" property="tenantId" jdbcType="INTEGER" />
    <result column="update_by" property="updateBy" jdbcType="VARCHAR" />
    <result column="update_time" property="updateTime" jdbcType="TIMESTAMP" />
  </resultMap>
  <sql id="Base_Column_List" >
    id, create_by, create_time, declare_card_code, declare_time, declarer_id, remark, 
    status, tenant_id, update_by, update_time
  </sql>
  <select id="selectByPrimaryKey" resultMap="BaseResultMap" parameterType="java.lang.Integer" >
    select 
    <include refid="Base_Column_List" />
    from zx_declare_record
    where id = #{id,jdbcType=INTEGER}
  </select>

  <select id="findAll" resultMap="BaseResultMap" parameterType="String">
    select
    <include refid="Base_Column_List" />
    from zx_declare_record
    <if test="declareCardCode != null" >
      where declare_card_code LIKE '/'%' + #{declareCardCode,jdbcType=VARCHAR}+ '%/''
    </if>
  </select>

  <select id="findWeekInfo" resultType="java.util.Map">
    SELECT declarer_id as name,COUNT(*) as cc from zx_declare_record group by declarer_id  order by cc desc
  </select>



  <delete id="deleteByPrimaryKey" parameterType="java.lang.Integer" >
    delete from zx_declare_record
    where id = #{id,jdbcType=INTEGER}
  </delete>

  <insert id="insert" parameterType="com.xhc.model.DeclareRecord" >
    insert into zx_declare_record (id, create_by, create_time, 
      declare_card_code, declare_time, declarer_id, 
      remark, status, tenant_id, 
      update_by, update_time)
    values (#{id,jdbcType=INTEGER}, #{createBy,jdbcType=VARCHAR}, #{createTime,jdbcType=TIMESTAMP}, 
      #{declareCardCode,jdbcType=VARCHAR}, #{declareTime,jdbcType=TIMESTAMP}, #{declarerId,jdbcType=INTEGER}, 
      #{remark,jdbcType=VARCHAR}, #{status,jdbcType=INTEGER}, #{tenantId,jdbcType=INTEGER}, 
      #{updateBy,jdbcType=VARCHAR}, #{updateTime,jdbcType=TIMESTAMP})
  </insert>
  <insert id="insertSelective" parameterType="com.xhc.model.DeclareRecord" >
    insert into zx_declare_record
    <trim prefix="(" suffix=")" suffixOverrides="," >
      <if test="id != null" >
        id,
      </if>
      <if test="createBy != null" >
        create_by,
      </if>
      <if test="createTime != null" >
        create_time,
      </if>
      <if test="declareCardCode != null" >
        declare_card_code,
      </if>
      <if test="declareTime != null" >
        declare_time,
      </if>
      <if test="declarerId != null" >
        declarer_id,
      </if>
      <if test="remark != null" >
        remark,
      </if>
      <if test="status != null" >
        status,
      </if>
      <if test="tenantId != null" >
        tenant_id,
      </if>
      <if test="updateBy != null" >
        update_by,
      </if>
      <if test="updateTime != null" >
        update_time,
      </if>
    </trim>
    <trim prefix="values (" suffix=")" suffixOverrides="," >
      <if test="id != null" >
        #{id,jdbcType=INTEGER},
      </if>
      <if test="createBy != null" >
        #{createBy,jdbcType=VARCHAR},
      </if>
      <if test="createTime != null" >
        #{createTime,jdbcType=TIMESTAMP},
      </if>
      <if test="declareCardCode != null" >
        #{declareCardCode,jdbcType=VARCHAR},
      </if>
      <if test="declareTime != null" >
        #{declareTime,jdbcType=TIMESTAMP},
      </if>
      <if test="declarerId != null" >
        #{declarerId,jdbcType=INTEGER},
      </if>
      <if test="remark != null" >
        #{remark,jdbcType=VARCHAR},
      </if>
      <if test="status != null" >
        #{status,jdbcType=INTEGER},
      </if>
      <if test="tenantId != null" >
        #{tenantId,jdbcType=INTEGER},
      </if>
      <if test="updateBy != null" >
        #{updateBy,jdbcType=VARCHAR},
      </if>
      <if test="updateTime != null" >
        #{updateTime,jdbcType=TIMESTAMP},
      </if>
    </trim>
  </insert>
  <update id="updateByPrimaryKeySelective" parameterType="com.xhc.model.DeclareRecord" >
    update zx_declare_record
    <set >
      <if test="createBy != null" >
        create_by = #{createBy,jdbcType=VARCHAR},
      </if>
      <if test="createTime != null" >
        create_time = #{createTime,jdbcType=TIMESTAMP},
      </if>
      <if test="declareCardCode != null" >
        declare_card_code = #{declareCardCode,jdbcType=VARCHAR},
      </if>
      <if test="declareTime != null" >
        declare_time = #{declareTime,jdbcType=TIMESTAMP},
      </if>
      <if test="declarerId != null" >
        declarer_id = #{declarerId,jdbcType=INTEGER},
      </if>
      <if test="remark != null" >
        remark = #{remark,jdbcType=VARCHAR},
      </if>
      <if test="status != null" >
        status = #{status,jdbcType=INTEGER},
      </if>
      <if test="tenantId != null" >
        tenant_id = #{tenantId,jdbcType=INTEGER},
      </if>
      <if test="updateBy != null" >
        update_by = #{updateBy,jdbcType=VARCHAR},
      </if>
      <if test="updateTime != null" >
        update_time = #{updateTime,jdbcType=TIMESTAMP},
      </if>
    </set>
    where id = #{id,jdbcType=INTEGER}
  </update>
  <update id="updateByPrimaryKey" parameterType="com.xhc.model.DeclareRecord" >
    update zx_declare_record
    set create_by = #{createBy,jdbcType=VARCHAR},
      create_time = #{createTime,jdbcType=TIMESTAMP},
      declare_card_code = #{declareCardCode,jdbcType=VARCHAR},
      declare_time = #{declareTime,jdbcType=TIMESTAMP},
      declarer_id = #{declarerId,jdbcType=INTEGER},
      remark = #{remark,jdbcType=VARCHAR},
      status = #{status,jdbcType=INTEGER},
      tenant_id = #{tenantId,jdbcType=INTEGER},
      update_by = #{updateBy,jdbcType=VARCHAR},
      update_time = #{updateTime,jdbcType=TIMESTAMP}
    where id = #{id,jdbcType=INTEGER}
  </update>
</mapper>