<?xml version="1.0" encoding="UTF-8" ?>
<!DOCTYPE mapper PUBLIC "-//mybatis.org//DTD Mapper 3.0//EN" "http://mybatis.org/dtd/mybatis-3-mapper.dtd" >
<mapper namespace="com.xhc.mapper.ImportRecordMapper" >
  <resultMap id="BaseResultMap" type="com.xhc.model.ImportRecord" >
    <id column="id" property="id" jdbcType="INTEGER" />
    <result column="import_time" property="importTime" jdbcType="TIMESTAMP" />
    <result column="import_num" property="importNum" jdbcType="INTEGER" />
    <result column="enable_time" property="enableTime" jdbcType="TIMESTAMP" />
    <result column="valid_mouth" property="validMouth" jdbcType="INTEGER" />
    <result column="enable" property="enable" jdbcType="INTEGER" />
    <result column="create_by" property="createBy" jdbcType="VARCHAR" />
    <result column="create_time" property="createTime" jdbcType="TIMESTAMP" />
    <result column="update_by" property="updateBy" jdbcType="VARCHAR" />
    <result column="update_time" property="updateTime" jdbcType="TIMESTAMP" />
    <result column="remark" property="remark" jdbcType="VARCHAR" />
    <result column="status" property="status" jdbcType="INTEGER" />
    <result column="tenant_id" property="tenantId" jdbcType="INTEGER" />
  </resultMap>
  <sql id="Base_Column_List" >
    id, import_time, import_num, enable_time, valid_mouth, enable, create_by, create_time, 
    update_by, update_time, remark, status, tenant_id
  </sql>
  <select id="selectByPrimaryKey" resultMap="BaseResultMap" parameterType="java.lang.Integer" >
    select 
    <include refid="Base_Column_List" />
    from zx_import_record
    where id = #{id,jdbcType=INTEGER}
  </select>
  <select id="findAll" resultMap="BaseResultMap" parameterType="java.lang.String" >
    select
    <include refid="Base_Column_List" />
    from zx_import_record
    where 0 = 0
    <if test="startTime != null" >
      and import_time &gt;= #{0}
    </if>
    <if test="endTime != null" >
      and import_time &lt;= #{1}
    </if>

  </select>
  <select id="findAllPage" resultMap="BaseResultMap">
    select
    <include refid="Base_Column_List" />
    from zx_import_record
  </select>
  <delete id="deleteByPrimaryKey" parameterType="java.lang.Integer" >
    delete from zx_import_record
    where id = #{id,jdbcType=INTEGER}
  </delete>
  <insert id="insert" parameterType="com.xhc.model.ImportRecord" >
    insert into zx_import_record (id, import_time, import_num, 
      enable_time, valid_mouth, enable, 
      create_by, create_time, update_by, 
      update_time, remark, status, 
      tenant_id)
    values (#{id,jdbcType=INTEGER}, #{importTime,jdbcType=TIMESTAMP}, #{importNum,jdbcType=INTEGER}, 
      #{enableTime,jdbcType=TIMESTAMP}, #{validMouth,jdbcType=INTEGER}, #{enable,jdbcType=INTEGER}, 
      #{createBy,jdbcType=VARCHAR}, #{createTime,jdbcType=TIMESTAMP}, #{updateBy,jdbcType=VARCHAR}, 
      #{updateTime,jdbcType=TIMESTAMP}, #{remark,jdbcType=VARCHAR}, #{status,jdbcType=INTEGER}, 
      #{tenantId,jdbcType=INTEGER})
  </insert>
  <insert id="insertSelective" parameterType="com.xhc.model.ImportRecord" useGeneratedKeys="true" keyProperty="id">
    insert into zx_import_record
    <trim prefix="(" suffix=")" suffixOverrides="," >
      <if test="id != null" >
        id,
      </if>
      <if test="importTime != null" >
        import_time,
      </if>
      <if test="importNum != null" >
        import_num,
      </if>
      <if test="enableTime != null" >
        enable_time,
      </if>
      <if test="validMouth != null" >
        valid_mouth,
      </if>
      <if test="enable != null" >
        enable,
      </if>
      <if test="createBy != null" >
        create_by,
      </if>
      <if test="createTime != null" >
        create_time,
      </if>
      <if test="updateBy != null" >
        update_by,
      </if>
      <if test="updateTime != null" >
        update_time,
      </if>
      <if test="remark != null" >
        remark,
      </if>
      <if test="status != null" >
        status,
      </if>
      <if test="tenantId != null" >
        tenant_id,
      </if>
    </trim>
    <trim prefix="values (" suffix=")" suffixOverrides="," >
      <if test="id != null" >
        #{id,jdbcType=INTEGER},
      </if>
      <if test="importTime != null" >
        #{importTime,jdbcType=TIMESTAMP},
      </if>
      <if test="importNum != null" >
        #{importNum,jdbcType=INTEGER},
      </if>
      <if test="enableTime != null" >
        #{enableTime,jdbcType=TIMESTAMP},
      </if>
      <if test="validMouth != null" >
        #{validMouth,jdbcType=INTEGER},
      </if>
      <if test="enable != null" >
        #{enable,jdbcType=INTEGER},
      </if>
      <if test="createBy != null" >
        #{createBy,jdbcType=VARCHAR},
      </if>
      <if test="createTime != null" >
        #{createTime,jdbcType=TIMESTAMP},
      </if>
      <if test="updateBy != null" >
        #{updateBy,jdbcType=VARCHAR},
      </if>
      <if test="updateTime != null" >
        #{updateTime,jdbcType=TIMESTAMP},
      </if>
      <if test="remark != null" >
        #{remark,jdbcType=VARCHAR},
      </if>
      <if test="status != null" >
        #{status,jdbcType=INTEGER},
      </if>
      <if test="tenantId != null" >
        #{tenantId,jdbcType=INTEGER},
      </if>
    </trim>
  </insert>
  <update id="updateByPrimaryKeySelective" parameterType="com.xhc.model.ImportRecord" >
    update zx_import_record
    <set >
      <if test="importTime != null" >
        import_time = #{importTime,jdbcType=TIMESTAMP},
      </if>
      <if test="importNum != null" >
        import_num = #{importNum,jdbcType=INTEGER},
      </if>
      <if test="enableTime != null" >
        enable_time = #{enableTime,jdbcType=TIMESTAMP},
      </if>
      <if test="validMouth != null" >
        valid_mouth = #{validMouth,jdbcType=INTEGER},
      </if>
      <if test="enable != null" >
        enable = #{enable,jdbcType=INTEGER},
      </if>
      <if test="createBy != null" >
        create_by = #{createBy,jdbcType=VARCHAR},
      </if>
      <if test="createTime != null" >
        create_time = #{createTime,jdbcType=TIMESTAMP},
      </if>
      <if test="updateBy != null" >
        update_by = #{updateBy,jdbcType=VARCHAR},
      </if>
      <if test="updateTime != null" >
        update_time = #{updateTime,jdbcType=TIMESTAMP},
      </if>
      <if test="remark != null" >
        remark = #{remark,jdbcType=VARCHAR},
      </if>
      <if test="status != null" >
        status = #{status,jdbcType=INTEGER},
      </if>
      <if test="tenantId != null" >
        tenant_id = #{tenantId,jdbcType=INTEGER},
      </if>
    </set>
    where id = #{id,jdbcType=INTEGER}
  </update>
  <update id="updateByPrimaryKey" parameterType="com.xhc.model.ImportRecord" >
    update zx_import_record
    set import_time = #{importTime,jdbcType=TIMESTAMP},
      import_num = #{importNum,jdbcType=INTEGER},
      enable_time = #{enableTime,jdbcType=TIMESTAMP},
      valid_mouth = #{validMouth,jdbcType=INTEGER},
      enable = #{enable,jdbcType=INTEGER},
      create_by = #{createBy,jdbcType=VARCHAR},
      create_time = #{createTime,jdbcType=TIMESTAMP},
      update_by = #{updateBy,jdbcType=VARCHAR},
      update_time = #{updateTime,jdbcType=TIMESTAMP},
      remark = #{remark,jdbcType=VARCHAR},
      status = #{status,jdbcType=INTEGER},
      tenant_id = #{tenantId,jdbcType=INTEGER}
    where id = #{id,jdbcType=INTEGER}
  </update>
</mapper>